periode,kab_kota,pendidikan,tpt_persen
2023-08,Kepulauan Tanimbar,Sekolah Dasar,1.125761
2023-08,Kepulauan Tanimbar,Sekolah Menengah Pertama,0.774724
2023-08,Kepulauan Tanimbar,Sekolah Menengah Atas,8.259455
2023-08,Kepulauan Tanimbar,Sekolah Menengah Kejuruan,11.259317
2023-08,Kepulauan Tanimbar,Diploma I/II/III,5.82878
2023-08,Kepulauan Tanimbar,"Diploma IV, S1, S2, S3",5.950912
2023-08,Maluku Tenggara,Sekolah Dasar,1.155509
2023-08,Maluku Tenggara,Sekolah Menengah Pertama,5.269841
2023-08,Maluku Tenggara,Sekolah Menengah Atas,8.365622
2023-08,Maluku Tenggara,Sekolah Menengah Kejuruan,5.442177
2023-08,Maluku Tenggara,Diploma I/II/III,3.810775
2023-08,Maluku Tenggara,"Diploma IV, S1, S2, S3",10.904516
2023-08,Maluku Tengah,Sekolah Dasar,4.176891
2023-08,Maluku Tengah,Sekolah Menengah Pertama,3.706702
2023-08,Maluku Tengah,Sekolah Menengah Atas,10.27872
2023-08,Maluku Tengah,Sekolah Menengah Kejuruan,11.532252
2023-08,Maluku Tengah,Diploma I/II/III,3.920836
2023-08,Maluku Tengah,"Diploma IV, S1, S2, S3",5.241497
2023-08,Buru,Sekolah Dasar,0.733018
2023-08,Buru,Sekolah Menengah Pertama,3.459525
2023-08,Buru,Sekolah Menengah Atas,6.87833
2023-08,Buru,Sekolah Menengah Kejuruan,12.651142
2023-08,Buru,Diploma I/II/III,4.927727
2023-08,Buru,"Diploma IV, S1, S2, S3",8.710732
2023-08,Kepulauan Aru,Sekolah Dasar,1.080417
2023-08,Kepulauan Aru,Sekolah Menengah Pertama,0.898372
2023-08,Kepulauan Aru,Sekolah Menengah Atas,3.751328
2023-08,Kepulauan Aru,Sekolah Menengah Kejuruan,5.728999
2023-08,Kepulauan Aru,Diploma I/II/III,0.0
2023-08,Kepulauan Aru,"Diploma IV, S1, S2, S3",2.500467
2023-08,Seram Bagian Barat,Sekolah Dasar,0.316344
2023-08,Seram Bagian Barat,Sekolah Menengah Pertama,0.627456
2023-08,Seram Bagian Barat,Sekolah Menengah Atas,6.422106
2023-08,Seram Bagian Barat,Sekolah Menengah Kejuruan,0.0
2023-08,Seram Bagian Barat,Diploma I/II/III,12.418301
2023-08,Seram Bagian Barat,"Diploma IV, S1, S2, S3",19.35167
2023-08,Seram Bagian Timur,Sekolah Dasar,0.462328
2023-08,Seram Bagian Timur,Sekolah Menengah Pertama,1.939058
2023-08,Seram Bagian Timur,Sekolah Menengah Atas,6.537024
2023-08,Seram Bagian Timur,Sekolah Menengah Kejuruan,15.178571
2023-08,Seram Bagian Timur,Diploma I/II/III,0.0
2023-08,Seram Bagian Timur,"Diploma IV, S1, S2, S3",3.056822
2023-08,Maluku Barat Daya,Sekolah Dasar,1.463128
2023-08,Maluku Barat Daya,Sekolah Menengah Pertama,0.85036
2023-08,Maluku Barat Daya,Sekolah Menengah Atas,3.742945
2023-08,Maluku Barat Daya,Sekolah Menengah Kejuruan,2.736052
2023-08,Maluku Barat Daya,Diploma I/II/III,6.745562
2023-08,Maluku Barat Daya,"Diploma IV, S1, S2, S3",5.510428
2023-08,Buru Selatan,Sekolah Dasar,0.0
2023-08,Buru Selatan,Sekolah Menengah Pertama,0.0
2023-08,Buru Selatan,Sekolah Menengah Atas,1.029877
2023-08,Buru Selatan,Sekolah Menengah Kejuruan,6.26195
2023-08,Buru Selatan,Diploma I/II/III,0.0
2023-08,Buru Selatan,"Diploma IV, S1, S2, S3",2.660287
2023-08,Kota Ambon,Sekolah Dasar,8.262919
2023-08,Kota Ambon,Sekolah Menengah Pertama,4.458266
2023-08,Kota Ambon,Sekolah Menengah Atas,13.098505
2023-08,Kota Ambon,Sekolah Menengah Kejuruan,11.421806
2023-08,Kota Ambon,Diploma I/II/III,16.633794
2023-08,Kota Ambon,"Diploma IV, S1, S2, S3",12.714647
2023-08,Kota Tual,Sekolah Dasar,0.737527
2023-08,Kota Tual,Sekolah Menengah Pertama,9.699769
2023-08,Kota Tual,Sekolah Menengah Atas,14.669455
2023-08,Kota Tual,Sekolah Menengah Kejuruan,7.875458
2023-08,Kota Tual,Diploma I/II/III,16.880939
2023-08,Kota Tual,"Diploma IV, S1, S2, S3",5.099471
2023-08,Maluku,Sekolah Dasar,2.029461
2023-08,Maluku,Sekolah Menengah Pertama,2.907536
2023-08,Maluku,Sekolah Menengah Atas,9.276114
2023-08,Maluku,Sekolah Menengah Kejuruan,9.819383
2023-08,Maluku,Diploma I/II/III,9.474959
2023-08,Maluku,"Diploma IV, S1, S2, S3",9.090709
2024-08,Kepulauan Tanimbar,Sekolah Dasar,1.333154
2024-08,Kepulauan Tanimbar,Sekolah Menengah Pertama,1.640442
2024-08,Kepulauan Tanimbar,Sekolah Menengah Atas,8.456197
2024-08,Kepulauan Tanimbar,Sekolah Menengah Kejuruan,0.0
2024-08,Kepulauan Tanimbar,Diploma I/II/III,0.0
2024-08,Kepulauan Tanimbar,"Diploma IV, S1, S2, S3",6.592933
2024-08,Maluku Tenggara,Sekolah Dasar,3.066848
2024-08,Maluku Tenggara,Sekolah Menengah Pertama,0.982336
2024-08,Maluku Tenggara,Sekolah Menengah Atas,10.302558
2024-08,Maluku Tenggara,Sekolah Menengah Kejuruan,8.851291
2024-08,Maluku Tenggara,Diploma I/II/III,8.233788
2024-08,Maluku Tenggara,"Diploma IV, S1, S2, S3",5.473108
2024-08,Maluku Tengah,Sekolah Dasar,2.563785
2024-08,Maluku Tengah,Sekolah Menengah Pertama,3.007824
2024-08,Maluku Tengah,Sekolah Menengah Atas,9.221314
2024-08,Maluku Tengah,Sekolah Menengah Kejuruan,5.259087
2024-08,Maluku Tengah,Diploma I/II/III,0.0
2024-08,Maluku Tengah,"Diploma IV, S1, S2, S3",7.000272
2024-08,Buru,Sekolah Dasar,0.969035
2024-08,Buru,Sekolah Menengah Pertama,5.959385
2024-08,Buru,Sekolah Menengah Atas,5.814301
2024-08,Buru,Sekolah Menengah Kejuruan,16.418308
2024-08,Buru,Diploma I/II/III,4.608854
2024-08,Buru,"Diploma IV, S1, S2, S3",6.598503
2024-08,Kepulauan Aru,Sekolah Dasar,0.974683
2024-08,Kepulauan Aru,Sekolah Menengah Pertama,2.181345
2024-08,Kepulauan Aru,Sekolah Menengah Atas,3.444906
2024-08,Kepulauan Aru,Sekolah Menengah Kejuruan,2.579365
2024-08,Kepulauan Aru,Diploma I/II/III,0.0
2024-08,Kepulauan Aru,"Diploma IV, S1, S2, S3",0.0
2024-08,Seram Bagian Barat,Sekolah Dasar,0.0
2024-08,Seram Bagian Barat,Sekolah Menengah Pertama,4.473575
2024-08,Seram Bagian Barat,Sekolah Menengah Atas,8.367347
2024-08,Seram Bagian Barat,Sekolah Menengah Kejuruan,7.252947
2024-08,Seram Bagian Barat,Diploma I/II/III,0.0
2024-08,Seram Bagian Barat,"Diploma IV, S1, S2, S3",3.188126
2024-08,Seram Bagian Timur,Sekolah Dasar,1.766866
2024-08,Seram Bagian Timur,Sekolah Menengah Pertama,5.33538
2024-08,Seram Bagian Timur,Sekolah Menengah Atas,5.084864
2024-08,Seram Bagian Timur,Sekolah Menengah Kejuruan,0.0
2024-08,Seram Bagian Timur,Diploma I/II/III,0.0
2024-08,Seram Bagian Timur,"Diploma IV, S1, S2, S3",1.116829
2024-08,Maluku Barat Daya,Sekolah Dasar,1.411423
2024-08,Maluku Barat Daya,Sekolah Menengah Pertama,1.744513
2024-08,Maluku Barat Daya,Sekolah Menengah Atas,3.828582
2024-08,Maluku Barat Daya,Sekolah Menengah Kejuruan,3.801653
2024-08,Maluku Barat Daya,Diploma I/II/III,0.0
2024-08,Maluku Barat Daya,"Diploma IV, S1, S2, S3",1.695576
2024-08,Buru Selatan,Sekolah Dasar,0.496091
2024-08,Buru Selatan,Sekolah Menengah Pertama,2.374955
2024-08,Buru Selatan,Sekolah Menengah Atas,1.209992
2024-08,Buru Selatan,Sekolah Menengah Kejuruan,0.0
2024-08,Buru Selatan,Diploma I/II/III,0.0
2024-08,Buru Selatan,"Diploma IV, S1, S2, S3",0.837004
2024-08,Kota Ambon,Sekolah Dasar,9.506874
2024-08,Kota Ambon,Sekolah Menengah Pertama,11.606872
2024-08,Kota Ambon,Sekolah Menengah Atas,12.638794
2024-08,Kota Ambon,Sekolah Menengah Kejuruan,9.422555
2024-08,Kota Ambon,Diploma I/II/III,12.414006
2024-08,Kota Ambon,"Diploma IV, S1, S2, S3",11.539323
2024-08,Kota Tual,Sekolah Dasar,4.854122
2024-08,Kota Tual,Sekolah Menengah Pertama,6.092475
2024-08,Kota Tual,Sekolah Menengah Atas,14.325149
2024-08,Kota Tual,Sekolah Menengah Kejuruan,10.88647
2024-08,Kota Tual,Diploma I/II/III,12.79007
2024-08,Kota Tual,"Diploma IV, S1, S2, S3",5.912334
2024-08,Maluku,Sekolah Dasar,2.343755
2024-08,Maluku,Sekolah Menengah Pertama,4.353761
2024-08,Maluku,Sekolah Menengah Atas,8.935028
2024-08,Maluku,Sekolah Menengah Kejuruan,7.458816
2024-08,Maluku,Diploma I/II/III,5.456207
2024-08,Maluku,"Diploma IV, S1, S2, S3",7.094214
2025-08,Kepulauan Tanimbar,Sekolah Dasar,1.501727
2025-08,Kepulauan Tanimbar,Sekolah Menengah Pertama,1.55521
2025-08,Kepulauan Tanimbar,Sekolah Menengah Atas,5.874473
2025-08,Kepulauan Tanimbar,Sekolah Menengah Kejuruan,11.895107
2025-08,Kepulauan Tanimbar,Diploma I/II/III,0.0
2025-08,Kepulauan Tanimbar,"Diploma IV, S1, S2, S3",5.494818
2025-08,Maluku Tenggara,Sekolah Dasar,5.752169
2025-08,Maluku Tenggara,Sekolah Menengah Pertama,6.341053
2025-08,Maluku Tenggara,Sekolah Menengah Atas,6.371339
2025-08,Maluku Tenggara,Sekolah Menengah Kejuruan,1.033879
2025-08,Maluku Tenggara,Diploma I/II/III,4.854881
2025-08,Maluku Tenggara,"Diploma IV, S1, S2, S3",6.749123
2025-08,Maluku Tengah,Sekolah Dasar,2.999059
2025-08,Maluku Tengah,Sekolah Menengah Pertama,5.998147
2025-08,Maluku Tengah,Sekolah Menengah Atas,8.148524
2025-08,Maluku Tengah,Sekolah Menengah Kejuruan,11.850606
2025-08,Maluku Tengah,Diploma I/II/III,5.936312
2025-08,Maluku Tengah,"Diploma IV, S1, S2, S3",6.913549
2025-08,Buru,Sekolah Dasar,3.249468
2025-08,Buru,Sekolah Menengah Pertama,1.959799
2025-08,Buru,Sekolah Menengah Atas,7.171208
2025-08,Buru,Sekolah Menengah Kejuruan,3.653895
2025-08,Buru,Diploma I/II/III,0.0
2025-08,Buru,"Diploma IV, S1, S2, S3",2.64436
2025-08,Kepulauan Aru,Sekolah Dasar,0.985663
2025-08,Kepulauan Aru,Sekolah Menengah Pertama,2.395866
2025-08,Kepulauan Aru,Sekolah Menengah Atas,3.68932
2025-08,Kepulauan Aru,Sekolah Menengah Kejuruan,2.574526
2025-08,Kepulauan Aru,Diploma I/II/III,6.124853
2025-08,Kepulauan Aru,"Diploma IV, S1, S2, S3",0.0
2025-08,Seram Bagian Barat,Sekolah Dasar,0.716597
2025-08,Seram Bagian Barat,Sekolah Menengah Pertama,2.25995
2025-08,Seram Bagian Barat,Sekolah Menengah Atas,8.728797
2025-08,Seram Bagian Barat,Sekolah Menengah Kejuruan,3.962088
2025-08,Seram Bagian Barat,Diploma I/II/III,12.590064
2025-08,Seram Bagian Barat,"Diploma IV, S1, S2, S3",4.466926
2025-08,Seram Bagian Timur,Sekolah Dasar,0.350677
2025-08,Seram Bagian Timur,Sekolah Menengah Pertama,2.208268
2025-08,Seram Bagian Timur,Sekolah Menengah Atas,2.908478
2025-08,Seram Bagian Timur,Sekolah Menengah Kejuruan,8.695652
2025-08,Seram Bagian Timur,Diploma I/II/III,0.0
2025-08,Seram Bagian Timur,"Diploma IV, S1, S2, S3",7.238383
2025-08,Maluku Barat Daya,Sekolah Dasar,0.911408
2025-08,Maluku Barat Daya,Sekolah Menengah Pertama,0.520371
2025-08,Maluku Barat Daya,Sekolah Menengah Atas,4.390516
2025-08,Maluku Barat Daya,Sekolah Menengah Kejuruan,3.927203
2025-08,Maluku Barat Daya,Diploma I/II/III,4.598282
2025-08,Maluku Barat Daya,"Diploma IV, S1, S2, S3",4.965089
2025-08,Buru Selatan,Sekolah Dasar,0.454079
2025-08,Buru Selatan,Sekolah Menengah Pertama,0.0
2025-08,Buru Selatan,Sekolah Menengah Atas,0.914187
2025-08,Buru Selatan,Sekolah Menengah Kejuruan,9.335624
2025-08,Buru Selatan,Diploma I/II/III,0.0
2025-08,Buru Selatan,"Diploma IV, S1, S2, S3",2.087912
2025-08,Kota Ambon,Sekolah Dasar,4.00965
2025-08,Kota Ambon,Sekolah Menengah Pertama,8.031765
2025-08,Kota Ambon,Sekolah Menengah Atas,9.395108
2025-08,Kota Ambon,Sekolah Menengah Kejuruan,22.148122
2025-08,Kota Ambon,Diploma I/II/III,6.274809
2025-08,Kota Ambon,"Diploma IV, S1, S2, S3",14.109287
2025-08,Kota Tual,Sekolah Dasar,1.393214
2025-08,Kota Tual,Sekolah Menengah Pertama,4.068015
2025-08,Kota Tual,Sekolah Menengah Atas,12.577629
2025-08,Kota Tual,Sekolah Menengah Kejuruan,16.476274
2025-08,Kota Tual,Diploma I/II/III,8.161259
2025-08,Kota Tual,"Diploma IV, S1, S2, S3",9.459739
2025-08,Maluku,Sekolah Dasar,2.004635
2025-08,Maluku,Sekolah Menengah Pertama,3.931843
2025-08,Maluku,Sekolah Menengah Atas,7.577403
2025-08,Maluku,Sekolah Menengah Kejuruan,12.062122
2025-08,Maluku,Diploma I/II/III,5.618689
2025-08,Maluku,"Diploma IV, S1, S2, S3",7.956438
